[
  {
    "id": "e06f1dca-1094-4ff8-be73-eb95f00b0120",
    "name": "xmimoncall",
    "description": "Puts user on call for a group or groups.",
    "icon": "https://s3-xmatters-static.s3.amazonaws.com/null/customers/aa4ff4cd-06da-460c-b2d0-bb34ad66da69/IMAGE__20200219221549435__xm.png",
    "script": "var sepChar = input['group_sep_character'];\nvar group = input['groups'];\ntargets = group.split(sepChar);\nrejected_groups = [];\nvar targetuser = input['user_name'];\n\n// Verify GROUP exists\nfor (var i = 0; i < targets.length; i++) {\n\ntargets[i] = targets[i].trim();\n\n    // Prepare the HTTP request\n    var req = http.request({\n        'endpoint': 'xMatters',\n        'method': 'GET',\n        'path': 'api/xm/1/groups/' + targets[i]\n    });\n\n    // Send the request \n    var response = req.write();\n\n    // Determine if the requested targets exist in xMatters or are unknown\n\n    if (response.statusCode === 404) {\n        rejected_groups.push(targets[i]);\n    }\n    else if (response.statusCode === 200){\n        //ADD PRIMARY TO SHIFT//\n        //json = JSON.parse(response.body);\n          //console.log( \"Added member: \" + json.recipient.id);\n        var request = http.request({ \n             \"endpoint\": \"xMatters\",\n             \"path\": \"/api/xm/1/groups/\" + targets[i] + \"/shifts/\" + input['shift'] + \"/members\",\n             \"method\": \"POST\",\n             \"headers\" : {\"Content-Type\": \"application/json\"}\n         });\n\n        var data = {};\n        data.position = 1;\n        data.inRotation = true;\n        var memberInfo = {};\n        memberInfo.id = targetuser;\n        memberInfo.recipientType = \"PERSON\";\n        data.recipient = memberInfo;\n        \n        response = request.write(data);\n    }\n}\n\nif (rejected_groups.length > 0) {\n    output['result'] = 'failure';\n} else {\n    output['result'] = 'success';\n}\n\noutput['rejected_groups'] = rejected_groups;",
    "endpointLabel": "xMatters",
    "allowedEnvironment": "HOSTED",
    "accessibleByAll": "NotShared",
    "scriptStepType": "USER",
    "inputs": [
      {
        "id": "24e35b86-a599-4153-a874-903cac306751",
        "name": "user_name",
        "helpText": "",
        "multiline": false,
        "required": true,
        "maxLength": 2000,
        "minLength": 0,
        "position": 0
      },
      {
        "id": "6c2ca16e-712e-4d32-8b7f-84622b52109c",
        "name": "groups",
        "helpText": "",
        "defaultValue": "",
        "multiline": false,
        "required": true,
        "maxLength": 2000,
        "minLength": 0,
        "position": 1
      },
      {
        "id": "afe91bbc-a9e4-47f0-8de7-9b3a3802c592",
        "name": "group_sep_character",
        "helpText": "",
        "defaultValue": ",",
        "multiline": false,
        "required": true,
        "maxLength": 2000,
        "minLength": 0,
        "position": 2
      },
      {
        "id": "fa804880-98c3-4a2a-bfc1-f4513533a67a",
        "name": "shift",
        "helpText": "",
        "defaultValue": "Default Shift",
        "multiline": false,
        "required": true,
        "maxLength": 2000,
        "minLength": 0,
        "position": 3
      }
    ],
    "outputs": [
      {
        "id": "69f41aea-5c59-4cf9-8cac-f4925cbb8c1b",
        "name": "result",
        "position": 0
      },
      {
        "id": "1b1a5000-2217-4e08-8c41-fbecae148bd5",
        "name": "rejected_groups",
        "position": 1
      }
    ],
    "libraries": []
  }
]