{
  "name": "xmimoncall",
  "form": "2af8438e-db11-429d-a3d9-7f0647d14acd",
  "blocks": [
    {
      "id": "cabfea03-8bd2-4f22-9eb9-10a337b622b5",
      "label": "xmimoncall",
      "environment": "HOSTED",
      "presentation": "{\"w\":60,\"x\":-181,\"h\":60,\"y\":-138}",
      "step": "e06f1dca-1094-4ff8-be73-eb95f00b0120",
      "stepType": "SCRIPT_STEP",
      "inputMappings": [
        {
          "inputPort": "input",
          "mapping": ",",
          "stepInput": "afe91bbc-a9e4-47f0-8de7-9b3a3802c592"
        },
        {
          "inputPort": "input",
          "mapping": "Default Shift",
          "stepInput": "fa804880-98c3-4a2a-bfc1-f4513533a67a"
        }
      ]
    },
    {
      "id": "024e1baf-522e-41e8-a42a-4f599068c7ff",
      "label": "xmimoncall - Slack - Parse Slash Command",
      "environment": "HOSTED",
      "presentation": "{\"w\":60,\"x\":-330,\"h\":60,\"y\":-138}",
      "step": "481fd0a2-1553-4310-b479-1827a88adba9",
      "stepType": "INTEGRATION"
    }
  ],
  "edges": [
    {
      "fromBlock": "024e1baf-522e-41e8-a42a-4f599068c7ff",
      "fromPort": "output",
      "toBlock": "cabfea03-8bd2-4f22-9eb9-10a337b622b5",
      "toPort": "input"
    }
  ]
}