{
  "name": "xmimoncall",
  "form": "2af8438e-db11-429d-a3d9-7f0647d14acd",
  "blocks": [
    {
      "id": "cabfea03-8bd2-4f22-9eb9-10a337b622b5",
      "label": "xmimoncall",
      "environment": "HOSTED",
      "presentation": "{\"w\":60,\"x\":-181,\"h\":60,\"y\":-138}",
      "step": "e06f1dca-1094-4ff8-be73-eb95f00b0120",
      "stepType": "SCRIPT_STEP",
      "inputMappings": [
        {
          "inputPort": "input",
          "mapping": ",",
          "stepInput": "afe91bbc-a9e4-47f0-8de7-9b3a3802c592"
        },
        {
          "inputPort": "input",
          "mapping": "Default Shift",
          "stepInput": "fa804880-98c3-4a2a-bfc1-f4513533a67a"
        }
      ]
    }
  ]
}